discord;seedsacct
mitchell#9628;mitchrabin11
RobStyle#9856;popirobertoo
Paul Prosocial#5138;sailingfree2
sienara305#2112;sienaraa3535
laruko.89#2492;larukokgw141
Yanbeltrame#5117;yanbeltramet
hannes tschol#0746;han2es3ringo
Sharvil#0647;sharvilbhau1
Rufora#2094;clement12453
novnov#6511;novnovon1234
Narek#7696;seedofbounty
Rosie von Lila#5885;rosievonlila
arava555#4329;aravacommon1
iritrotem#9178;iritrotem111
gurrotem#7433;gurrotem1234
Luce Mycelia#7829;lucealhso255
christamarie#0606;christamarie
jmg#4273;genjmc145234
Essence#1152;contemplate1
